{
  "PlanarQuant (2D Givens)_3bit": {
    "method": "PlanarQuant (2D Givens)",
    "family": "rotorquant",
    "bits": 3,
    "cosine_sim": 0.4526071548461914,
    "l1_error": 1.1431527137756348,
    "top1_match": 0.453125,
    "top5_match": 0.484375,
    "top10_match": 0.5,
    "kl_div": 10.464543342590332,
    "spearman_rho": 0.9671184588223696,
    "mass_error": 0.0017611980438232422,
    "vector_cosine_sim": 0.9100845456123352,
    "mse": 14.67381763458252,
    "nmse": 0.27196981732543807,
    "quant_ms_per_1k": 0.030363878522621235,
    "dequant_ms_per_1k": 0.01899156131912605
  },
  "IsoQuant-Full (4D Quat)_3bit": {
    "method": "IsoQuant-Full (4D Quat)",
    "family": "rotorquant",
    "bits": 3,
    "cosine_sim": 0.48315733671188354,
    "l1_error": 1.1126916408538818,
    "top1_match": 0.484375,
    "top5_match": 0.53125,
    "top10_match": 0.578125,
    "kl_div": 7.4038496017456055,
    "spearman_rho": 0.9743860838934779,
    "mass_error": 0.0015207082033157349,
    "vector_cosine_sim": 0.9243147969245911,
    "mse": 12.644105911254883,
    "nmse": 0.23435040972725835,
    "quant_ms_per_1k": 0.09829692316998262,
    "dequant_ms_per_1k": 0.09208108394886949
  },
  "IsoQuant-Fast (4D Quat)_3bit": {
    "method": "IsoQuant-Fast (4D Quat)",
    "family": "rotorquant",
    "bits": 3,
    "cosine_sim": 0.4440687894821167,
    "l1_error": 1.1726576089859009,
    "top1_match": 0.421875,
    "top5_match": 0.5,
    "top10_match": 0.53125,
    "kl_div": 10.27740478515625,
    "spearman_rho": 0.9658934436738491,
    "mass_error": 0.002043665386736393,
    "vector_cosine_sim": 0.9257684946060181,
    "mse": 14.03147029876709,
    "nmse": 0.2600643206147878,
    "quant_ms_per_1k": 0.05628984354189015,
    "dequant_ms_per_1k": 0.04926316478304216
  },
  "TurboQuant-QR (RotorQuant)_3bit": {
    "method": "TurboQuant-QR (RotorQuant)",
    "family": "rotorquant",
    "bits": 3,
    "cosine_sim": 0.3468741178512573,
    "l1_error": 1.3309252262115479,
    "top1_match": 0.34375,
    "top5_match": 0.359375,
    "top10_match": 0.359375,
    "kl_div": 13.836706161499023,
    "spearman_rho": 0.9369717873632908,
    "mass_error": 0.00217488594353199,
    "vector_cosine_sim": 0.9836494326591492,
    "mse": 1.6723374128341675,
    "nmse": 0.03099570350411707,
    "quant_ms_per_1k": 0.01639244146645069,
    "dequant_ms_per_1k": 0.00493136894874624
  },
  "PolarQuant-WHT (Ours)_3bit": {
    "method": "PolarQuant-WHT (Ours)",
    "family": "turboquantdc",
    "bits": 3,
    "cosine_sim": 0.369839072227478,
    "l1_error": 1.3038458824157715,
    "top1_match": 0.359375,
    "top5_match": 0.40625,
    "top10_match": 0.4375,
    "kl_div": 13.66252613067627,
    "spearman_rho": 0.960299314931035,
    "mass_error": 0.0017263004556298256,
    "vector_cosine_sim": 0.9838446974754333,
    "mse": 1.8502269983291626,
    "nmse": 0.034292773106314574,
    "quant_ms_per_1k": 0.0694780760568392,
    "dequant_ms_per_1k": 0.05820792011945741
  },
  "ResidualQuant-WHT (Ours)_3bit": {
    "method": "ResidualQuant-WHT (Ours)",
    "family": "turboquantdc",
    "bits": 3,
    "cosine_sim": 0.35182854533195496,
    "l1_error": 1.3316413164138794,
    "top1_match": 0.34375,
    "top5_match": 0.390625,
    "top10_match": 0.390625,
    "kl_div": 13.345098495483398,
    "spearman_rho": 0.950622315518558,
    "mass_error": 0.002329857088625431,
    "vector_cosine_sim": 0.9819572567939758,
    "mse": 2.4367687702178955,
    "nmse": 0.04516394941004379,
    "quant_ms_per_1k": 0.08966486348072067,
    "dequant_ms_per_1k": 0.06409172783605754
  },
  "ResidualQuant+Mean (Ours)_3bit": {
    "method": "ResidualQuant+Mean (Ours)",
    "family": "turboquantdc",
    "bits": 3,
    "cosine_sim": 0.3541485667228699,
    "l1_error": 1.3435914516448975,
    "top1_match": 0.34375,
    "top5_match": 0.390625,
    "top10_match": 0.453125,
    "kl_div": 12.812763214111328,
    "spearman_rho": 0.9635549895465374,
    "mass_error": 0.002277676947414875,
    "vector_cosine_sim": 0.9626470804214478,
    "mse": 1.9707363843917847,
    "nmse": 0.03652633744039828,
    "quant_ms_per_1k": 0.09348362254968379,
    "dequant_ms_per_1k": 0.0639097970633884
  },
  "PCA+RQ+Mean (Ours, Full)_3bit": {
    "method": "PCA+RQ+Mean (Ours, Full)",
    "family": "turboquantdc",
    "bits": 3,
    "cosine_sim": 0.1998547613620758,
    "l1_error": 1.6573867797851562,
    "top1_match": 0.1875,
    "top5_match": 0.3125,
    "top10_match": 0.359375,
    "kl_div": 15.750917434692383,
    "spearman_rho": 0.6962072649330366,
    "mass_error": 0.0022650575265288353,
    "vector_cosine_sim": 0.24632354080677032,
    "mse": 5007.60693359375,
    "nmse": 92.81278920608834,
    "quant_ms_per_1k": 0.027075673187937355,
    "dequant_ms_per_1k": 0.0100373449640756
  },
  "PlanarQuant (2D Givens)_2bit": {
    "method": "PlanarQuant (2D Givens)",
    "family": "rotorquant",
    "bits": 2,
    "cosine_sim": 0.2783558964729309,
    "l1_error": 1.5413239002227783,
    "top1_match": 0.25,
    "top5_match": 0.46875,
    "top10_match": 0.515625,
    "kl_div": 11.562153816223145,
    "spearman_rho": 0.9305904256179929,
    "mass_error": 0.0022145817056298256,
    "vector_cosine_sim": 0.8013246655464172,
    "mse": 26.1914005279541,
    "nmse": 0.48544084398986204,
    "quant_ms_per_1k": 0.02911679757744423,
    "dequant_ms_per_1k": 0.018558857846073806
  },
  "IsoQuant-Full (4D Quat)_2bit": {
    "method": "IsoQuant-Full (4D Quat)",
    "family": "rotorquant",
    "bits": 2,
    "cosine_sim": 0.43847769498825073,
    "l1_error": 1.2497763633728027,
    "top1_match": 0.40625,
    "top5_match": 0.578125,
    "top10_match": 0.625,
    "kl_div": 9.476972579956055,
    "spearman_rho": 0.9268601592630148,
    "mass_error": 0.002243438735604286,
    "vector_cosine_sim": 0.8179731369018555,
    "mse": 24.608871459960938,
    "nmse": 0.4561096806721477,
    "quant_ms_per_1k": 0.09466556548431981,
    "dequant_ms_per_1k": 0.08259022479251144
  },
  "IsoQuant-Fast (4D Quat)_2bit": {
    "method": "IsoQuant-Fast (4D Quat)",
    "family": "rotorquant",
    "bits": 2,
    "cosine_sim": 0.5912225246429443,
    "l1_error": 0.9647002220153809,
    "top1_match": 0.5625,
    "top5_match": 0.703125,
    "top10_match": 0.734375,
    "kl_div": 7.215828895568848,
    "spearman_rho": 0.950308951549232,
    "mass_error": 0.002275758422911167,
    "vector_cosine_sim": 0.8187479972839355,
    "mse": 25.5463809967041,
    "nmse": 0.47348581984727167,
    "quant_ms_per_1k": 0.05335633886716096,
    "dequant_ms_per_1k": 0.05484676648848108
  },
  "TurboQuant-QR (RotorQuant)_2bit": {
    "method": "TurboQuant-QR (RotorQuant)",
    "family": "rotorquant",
    "bits": 2,
    "cosine_sim": 0.3606133460998535,
    "l1_error": 1.3346703052520752,
    "top1_match": 0.359375,
    "top5_match": 0.390625,
    "top10_match": 0.390625,
    "kl_div": 13.279952049255371,
    "spearman_rho": 0.9171537086367607,
    "mass_error": 0.002244497649371624,
    "vector_cosine_sim": 0.9420240521430969,
    "mse": 6.241015911102295,
    "nmse": 0.11567323511417858,
    "quant_ms_per_1k": 0.008672889180161292,
    "dequant_ms_per_1k": 0.004824619281862397
  },
  "PolarQuant-WHT (Ours)_2bit": {
    "method": "PolarQuant-WHT (Ours)",
    "family": "turboquantdc",
    "bits": 2,
    "cosine_sim": 0.3075772821903229,
    "l1_error": 1.4445219039916992,
    "top1_match": 0.3125,
    "top5_match": 0.328125,
    "top10_match": 0.390625,
    "kl_div": 14.256298065185547,
    "spearman_rho": 0.898625704459846,
    "mass_error": 0.002406412735581398,
    "vector_cosine_sim": 0.9441704154014587,
    "mse": 6.3333282470703125,
    "nmse": 0.11738418517334637,
    "quant_ms_per_1k": 0.07411490287267952,
    "dequant_ms_per_1k": 0.05971203108856571
  },
  "ResidualQuant-WHT (Ours)_2bit": {
    "method": "ResidualQuant-WHT (Ours)",
    "family": "turboquantdc",
    "bits": 2,
    "cosine_sim": 0.357545405626297,
    "l1_error": 1.3791508674621582,
    "top1_match": 0.359375,
    "top5_match": 0.390625,